<?xml version="1.0" ?>
<manifest identifier="WqN09FVo5RDNcA6MwuJbNvyregc91aUGZ_legM6C" version="1"
  xmlns="http://www.imsproject.org/xsd/imscp_rootv1p1p2"
  xmlns:adlcp="http://www.adlnet.org/xsd/adlcp_rootv1p2"
  xmlns:xsi="http://www.w3.org/2001/XMLSchema-instance"
  xsi:schemaLocation="http://www.imsproject.org/xsd/imscp_rootv1p1p2 imscp_rootv1p1p2.xsd
                      http://www.imsglobal.org/xsd/imsmd_rootv1p2p1 imsmd_rootv1p2p1.xsd
                      http://www.adlnet.org/xsd/adlcp_rootv1p2 adlcp_rootv1p2.xsd">
  <metadata>
    <schema>ADL SCORM</schema>
    <schemaversion>1.2</schemaversion>
    <adlcp:location>metadata.xml</adlcp:location>
  </metadata>
  <organizations default="articulate_rise">
      <organization identifier="articulate_rise">
      <title>Employee Health and Wellness (Sample Course)</title>
      <item identifier="i1" identifierref="r1" isvisible="true">
        <title>Employee Health and Wellness (Sample Course)</title>
        <adlcp:datafromlms>eyJjcHYiOiJaX2xlZ002QyIsInJsZCI6ZmFsc2V9</adlcp:datafromlms>
      </item>
    </organization>
  </organizations>
  <resources>
    <resource identifier="r1" type="webcontent" adlcp:scormtype="sco" href="scormdriver/indexAPI.html">
      <!-- SCORMDRIVER STUFF -->
      <file href="scormdriver/LICENSE.txt" />
      <file href="scormdriver/indexAPI.html" />
      <file href="scormdriver/preloadIntegrity.js" />
      <file href="scormdriver/driverOptions.js" />
      <file href="scormdriver/AICCComm.html" />
      <file href="scormdriver/auto-scripts/AutoBookmark.js" />
      <file href="scormdriver/auto-scripts/AutoCompleteSCO.js" />
      <file href="scormdriver/auto-scripts/CourseExit.js" />
      <file href="scormdriver/blank.html" />
      <file href="scormdriver/goodbye.html" />
      <file href="scormdriver/scormdriver.js" />
      <file href="scormdriver/browsersniff.js" />

      <!-- RUNTIME COMMON STUFF -->
      <file href="scormcontent/index.html" />
      <file href="scormcontent/lib/main.bundle.js"/>

      
        <file href="scormcontent/lib/fonts/icomoon.ttf"/>
        <file href="scormcontent/lib/fonts/icomoon.woff"/>

        <file href="scormcontent/lib/icomoon.css"/>
        <file href="scormcontent/lib/main.bundle.css"/>
        <file href="scormcontent/lib/player-0.0.11.min.js"/>
        <file href="scormcontent/lib/lzwcompress.js"/>
      

      <!-- RUNTIME CONTENT STUFF -->
      <file href="scormcontent/assets/assets/player-interface.js" />
<file href="scormcontent/assets/assets/rise/assets/sample-course-v2/storyline-block-sample/html5/data/css/output.min.css" />
<file href="scormcontent/assets/assets/rise/assets/sample-course-v2/storyline-block-sample/html5/data/js/6N4hPBVGSVB.js" />
<file href="scormcontent/assets/assets/rise/assets/sample-course-v2/storyline-block-sample/html5/data/js/data.js" />
<file href="scormcontent/assets/assets/rise/assets/sample-course-v2/storyline-block-sample/html5/data/js/frame.js" />
<file href="scormcontent/assets/assets/rise/assets/sample-course-v2/storyline-block-sample/html5/data/js/paths.js" />
<file href="scormcontent/assets/assets/rise/assets/sample-course-v2/storyline-block-sample/html5/lib/scripts/app.min.js" />
<file href="scormcontent/assets/assets/rise/assets/sample-course-v2/storyline-block-sample/html5/lib/stylesheets/main.min.css" />
<file href="scormcontent/assets/assets/rise/assets/sample-course-v2/storyline-block-sample/html5/lib/stylesheets/mobile-fonts/open-sans-bold.woff" />
<file href="scormcontent/assets/assets/rise/assets/sample-course-v2/storyline-block-sample/html5/lib/stylesheets/mobile-fonts/open-sans-light.woff" />
<file href="scormcontent/assets/assets/rise/assets/sample-course-v2/storyline-block-sample/html5/lib/stylesheets/mobile-fonts/open-sans-regular.woff" />
<file href="scormcontent/assets/assets/rise/assets/sample-course-v2/storyline-block-sample/meta.xml" />
<file href="scormcontent/assets/assets/rise/assets/sample-course-v2/storyline-block-sample/mobile/5gf7UmNtcKU_80_B-10_DX1542_DY1542_CX1156_CY772.jpg" />
<file href="scormcontent/assets/assets/rise/assets/sample-course-v2/storyline-block-sample/story.html" />
<file href="scormcontent/assets/assets/rise/assets/sample-course-v2/storyline-block-sample/story_content/blank.html" />
<file href="scormcontent/assets/assets/rise/assets/sample-course-v2/storyline-block-sample/story_content/frame.json" />
<file href="scormcontent/assets/assets/rise/assets/sample-course-v2/storyline-block-sample/story_content/story.js" />
<file href="scormcontent/assets/assets/rise/assets/sample-course-v2/storyline-block-sample/story_content/thumbnail.jpg" />
<file href="scormcontent/assets/assets/rise/assets/sample-course-v2/storyline-block-sample/story_content/user.js" />
<file href="scormcontent/assets/assets/rise/assets/sample-course-v2/storyline-block-sample/story_html5.html" />
<file href="scormcontent/assets/assets/rise/assets/sample-course-v2/storyline-block-sample/threeSixty.json" />
<file href="scormcontent/lib/fonts/Lato-Light.woff" />
<file href="scormcontent/lib/fonts/Lato-Regular.woff" />
<file href="scormcontent/lib/fonts/Lato-Bold.woff" />
<file href="scormcontent/lib/fonts/Lato-Italic.woff" />
<file href="scormcontent/lib/fonts/Lato-Black.woff" />
<file href="scormcontent/lib/fonts/Merriweather-Light.woff" />
<file href="scormcontent/lib/fonts/Merriweather-Regular.woff" />
<file href="scormcontent/lib/fonts/Merriweather-Bold.woff" />
<file href="scormcontent/lib/fonts/Merriweather-Italic.woff" />
<file href="scormcontent/lib/fonts/Merriweather-Black.woff" />
<file href="scormcontent/assets/C1PN4QqAOcn1Rym1_small.png" />
<file href="scormcontent/assets/VmfcX2MkENvd7tz1_stressed.jpg" />
<file href="scormcontent/assets/XR4dSgz1VyCwVioO_healthy-meal.mp3" />
<file href="scormcontent/assets/7qMYlQlBxufT2K5H_healthy-meal.jpg" />
<file href="scormcontent/assets/TuVJz6C9a_mOlJ4n_harbor-canoe.jpg" />
<file href="scormcontent/assets/btoC01fuaj4ZjY4q_women-at-window.jpg" />
<file href="scormcontent/assets/wgtMtJKxNjmeutOe_on-shore.jpg" />
<file href="scormcontent/assets/JmY5-X1GdWYKWCq4_wellness-plan.pdf" />
<file href="scormcontent/assets/2LXi2SWU7FEHzFGH_family-eating.jpg" />
<file href="scormcontent/assets/cilVLcP-t8-v-_86_fruit.jpg" />
<file href="scormcontent/assets/hBJWxAs4J4CcwbV7_reading.jpg" />
<file href="scormcontent/assets/gOTTW2BC8YfppktR_rock-climbing.jpg" />
<file href="scormcontent/assets/tGysS1lFHvSamKmD_basketball.jpg" />
<file href="scormcontent/assets/z_97c5LAnIICCceQ_beach-yoga.jpg" />
<file href="scormcontent/assets/fJOQozcSDh4D53lg_breakfast.jpg" />
<file href="scormcontent/assets/xcZjmKxj_8mXR0Wd_avocado.jpg" />
<file href="scormcontent/assets/OfkrQ9NRMF7cZZTL_strawberries.mp3" />
<file href="scormcontent/assets/ibGqZ_THqYODf5CU_strawberries.jpg" />
<file href="scormcontent/assets/ZfH1urE_mOXObu49_stretching.png" />
<file href="scormcontent/assets/du0_85rcdrrvdgwV_stretching.mp4" />
<file href="scormcontent/assets/a6q63kzDsWyKSBx5_neck-pain.jpg" />
<file href="scormcontent/assets/y9GMtRCJ6u5MKBi-_stress-pain.jpg" />
<file href="scormcontent/assets/xH5ArGNGQl7MyWtl_sad.jpg" />
<file href="scormcontent/assets/_q5DCaTRcYQ7gd8S_story.html" />
<file href="scormcontent/assets/sKsTMJNn2Zfa499K_avatar.jpg" />
<file href="scormcontent/assets/Ls-0zWHXrh5_3Pd3_volleyball.jpg" />
<file href="scormcontent/assets/Px8zlENmdm21DUlT_hammock.jpg" />
<file href="scormcontent/assets/fBI3YlTGsQGjKjcs_gym.jpg" />
<file href="scormcontent/assets/vbgi2qmTudmRBKYo_plate.jpg" />
<file href="scormcontent/assets/gKVHNmVuyjokSDEg_on-mountain.jpg" />
<file href="scormcontent/assets/6MdqOuMN3-4t51R9_159_full.png" />
<file href="scormcontent/assets/xtkV_md4rX1zXRJf_200_full.png" />
<file href="scormcontent/assets/RETyvrFTEFBuY7Yi_204_full.png" />
<file href="scormcontent/assets/Cz4y5X5jm267Apza_210_full.png" />
<file href="scormcontent/assets/UzpNZUIKmmFlsMyF_186_full.png" />
<file href="scormcontent/assets/4ddawQTEjxkVTSD4_110_full.png" />
<file href="scormcontent/assets/M3XTwj68IFvuVDmS_167_full.png" />
<file href="scormcontent/assets/ihtraMPC-dk4fgUH_194_full.png" />
<file href="scormcontent/assets/lLig4ae6zHukucVB_206_full.png" />
<file href="scormcontent/assets/mGJfrtEykmu73tax_163_full.png" />
<file href="scormcontent/assets/sbz3CLDCzENLuZev_235_full.png" />
<file href="scormcontent/assets/hRUBIkRHBLqP4p5F_220_full.png" />
<file href="scormcontent/assets/iF6Pr7_clCGY_zgz_191_full.png" />
<file href="scormcontent/assets/S9kPW2kewZuLlGjl_234_full.png" />
<file href="scormcontent/assets/4Y0wIuaIL8GTZndl_176_full.png" />
<file href="scormcontent/assets/5SyHUYD_Ph7t2JXP_222_full.png" />

    </resource>
  </resources>
</manifest>
